product,title,rate,body
Celular Xiaomi Redmi 8A Vers√£o Global 32gb / 2gb Ram/Tela 6.22 - Azul,Xiaomi n√£o decepciona.,"5,0 de 5 estrelas","O celular atendeu bem as expectativas, eu comprei para dar de presente e a pessoa gostou muito."
Celular Xiaomi Redmi 8A Vers√£o Global 32gb / 2gb Ram/Tela 6.22 - Azul,Recomendo,"5,0 de 5 estrelas",Totalmente eficiente e atendeu todas as expectativas desde a entre
Celular Xiaomi Redmi 8A Vers√£o Global 32gb / 2gb Ram/Tela 6.22 - Azul,√ìtimo aparelho!,"5,0 de 5 estrelas","A bateria √© uma maravilha! O processador √© perfeito para o meu uso em apps, sem jogos. Executa as tarefas sempre instantaneamente. Os 2 Gb de RAM d√£o conta perfeitamente do uso com redes sociais, mensageiros e players de m√≠dia. Ambas as c√¢meras s√£o √≥timas! Tem prote√ß√£o gorila glass 5, coisa que nenhum outro das ""marcas famosas"" nessa faixa de pre√ßo tem. A MIUI √© show! O carregador de 10w (2A) √© √≥timo. Sempre gostei de ouvir r√°dio, mas em smartphones era chato pelo fato de ter que conectar o fone, mas, no Redmi 8A isso n√£o √© problema, a antena FM √© interna (y). S√£o Mil e uma qualidades desse aparelho. Podem comprar sem medo se os 32 Gb n√£o forem um problema pra voc√™ (pra mim, com Whats, Insta, Nubank, Banco do Brasil, Clear Corretora, RadiosNet, Infomoney, Kindle, Amazon Music, Mercado Livre, Mercado Pago, Foobar2000, n√£o √©). S√≥ mais uma coisa, o app WPS que j√° vem nativo √© muito bom, pois te livra de pelo menos 3 apps: Word, Excel e Power Point. As fotos anexadas fora tiradas com ele."
Celular Xiaomi Redmi 8A Vers√£o Global 32gb / 2gb Ram/Tela 6.22 - Azul,"Bom aparelho, poderia ser melhor!!","4,0 de 5 estrelas","Aparelho bom, pela faixa de pre√ßo t√° melhor que muitos a√≠ de primeira linha, bom acabamento, bateria incr√≠vel, c√¢mera razo√°vel, √∫nica coisa que poderia ser melhor era ter uma tela Full HD+, pois pra quem √© observador se olhar nitidamente percebe os pixels, tem celulares pelo mesmo pre√ßo com uma tela melhor Full HD+, a resolu√ß√£o √© outra, rs. Nesse aparelho, nos v√≠deos do YouTube n√£o v√™ direito com essa resolu√ß√£o ruim... Achei as cores tamb√©m um pouco sem vida comparado a outros da mesma faixa de pre√ßo...poderia ter um sensor de digital tamb√©m. O maior ponto positivo √© a bateria mesmo, muito boa, em uso moderado dar dois dias tranquilo, n√£o esquenta tmb, mesmo mexendo direto, e o ponto negativo √© a fonte do carregador que vem no padr√£o indiano, poderiam explicar isso no an√∫ncio ou na hora da compra...pois quando chega o aparelho tem que correr atr√°s de um adaptador, mas fora isso √© um aparelho bom, poderia ser melhor...mas t√° valendo!!!"
Celular Xiaomi Redmi 8A Vers√£o Global 32gb / 2gb Ram/Tela 6.22 - Azul,Como imaginei,"5,0 de 5 estrelas",Exatamento o que eu queria.
Celular Xiaomi Redmi 8A Vers√£o Global 32gb / 2gb Ram/Tela 6.22 - Azul,√ìtimo celular low end,"5,0 de 5 estrelas",√ìtimo celular low end
Celular Xiaomi Redmi 8A Vers√£o Global 32gb / 2gb Ram/Tela 6.22 - Azul,Atendeu as espectativas,"4,0 de 5 estrelas","comprei para minha m√£e, senti que ele √© um pouco lento para fazer transi√ß√£o entre telas comparado ao meu Poco X3 Pro, e depois de alguns meses a camera dele no whatsapp come√ßou a bugar dando um zoom enoorme. Mas fora isso, ele t√° √≥timo ainda."
Celular Xiaomi Redmi 8A Vers√£o Global 32gb / 2gb Ram/Tela 6.22 - Azul,Muito bom!,"5,0 de 5 estrelas",Muito bom!
Celular Xiaomi Redmi 8A Vers√£o Global 32gb / 2gb Ram/Tela 6.22 - Azul,Modelo antigo mas superior ao novo,"4,0 de 5 estrelas","Celular muito bom, otimo custo benefico paguei 800 mais 20 de frete para interior de sp no dia 15/02/21, so um porem, o carregador que vem nele e de 20A e um padrao diferente do brasil, vem com adaptador para usar mais nao gosto muito, tirando este problema ele e muito bom para seu valor"
Celular Xiaomi Redmi 8A Vers√£o Global 32gb / 2gb Ram/Tela 6.22 - Azul,√ìtimo,"5,0 de 5 estrelas","Celular excelente, recomendo"
Celular Xiaomi Redmi 8A Vers√£o Global 32gb / 2gb Ram/Tela 6.22 - Azul,N√£o gostei,"2,0 de 5 estrelas",N√£o demorou nem 6 meses.pifou
Celular Xiaomi Redmi 8A Vers√£o Global 32gb / 2gb Ram/Tela 6.22 - Azul,O cabo dele √© diferente dos outros aparelhos Android!!,"4,0 de 5 estrelas","Realmente esse smartphone superou minhas expectativas. A est√©tica e a interface √© perfeita. A c√¢mera tem uma √≥tima captura e o alto falante dele tamb√©m √© muito bom. A tela tamb√©m n√£o deixa a desejar. Pelo custo-benef√≠cio, √© um √≥timo aparelho.Parab√©ns Amazon pela entrega r√°pida!"
Celular Xiaomi Redmi 8A Vers√£o Global 32gb / 2gb Ram/Tela 6.22 - Azul,√ìtimo celular,"5,0 de 5 estrelas","A bateria dura bastante, tem vezes que dura mais de um dia. O android vem com fun√ß√µes nativas muito √∫teis, como grava√ß√£o de tela e de chamadas, bloqueio de apps, entre outros. A imagem da tela √© muito boa.S√≥ tive um pouco de dificuldade em encontrar capa e pel√≠cula para comprar aqui no com√©rcio local, ent√£o recomendo comprar com anteced√™ncia ou ter um bom lugar para guard√°-lo nos primeiros dias."
Celular Xiaomi Redmi 8A Vers√£o Global 32gb / 2gb Ram/Tela 6.22 - Azul,Celular,"5,0 de 5 estrelas",A sogra adorou
Celular Xiaomi Redmi 8A Vers√£o Global 32gb / 2gb Ram/Tela 6.22 - Azul,Bom Custo benef√≠cio,"4,0 de 5 estrelas","A bateria √© excelente, dura at√© dois dias com uso moderado do aparelho. O tamanho √© ideal para utilizar no dia a dia e tamb√©m para assistir s√©ries e v√≠deos pelo celular.J√° a qualidade da camera deixa a desejar mas no meu caso, n√£o utilizo muito ent√£o √© tranquilo mas para os amantes de fotos com alta resolu√ß√£o pode ser um grande problema."
Celular Xiaomi Redmi 8A Vers√£o Global 32gb / 2gb Ram/Tela 6.22 - Azul,Site de confian√ßa e responsabilidade com o cliente produto de qualidade,"4,0 de 5 estrelas",Boa tarde! Ent√£o comprei esse celular para dar de presente para meu esposo ele adorou o celular superou duas expectativas produto de excelente qualidade bateria duradoura e ainda veio com brindes pel√≠cula de vidro fone de ouvido s√≥ faltou a capinha que pena que n√£o veio mas ele amou o celular entrega foi no per√≠odo combinado muito obrigada pela aten√ß√£o
Celular Xiaomi Redmi 8A Vers√£o Global 32gb / 2gb Ram/Tela 6.22 - Azul,Smartphone TOP,"5,0 de 5 estrelas","Esse aparelho √© sensacional, a Bateria dura muito... O carregamento √© muito r√°pido (mesmo com o carregador convencional) em vista de outros da concorr√™ncia, o sistema operacional do aparelho √© muito fluido, por ser um aparelho considerado de entrada; a custo vs benef√≠cios valeu muito a pena o pre√ßo que eu paguei. J√° est√° completando 8 meses que eu adquirir o aparelho e eu estou amando esse Smartphone."
Celular Xiaomi Redmi 8A Vers√£o Global 32gb / 2gb Ram/Tela 6.22 - Azul,Muito bom no geral,"4,0 de 5 estrelas","Um celular bem pr√°tico para uso geral, n√£o trava, mem√≥ria razo√°vel para uma pessoa que n√£o tem muitos apps...Gostei bastante"
Celular Xiaomi Redmi 8A Vers√£o Global 32gb / 2gb Ram/Tela 6.22 - Azul,Aparelho √≥timo para o pre√ßo.,"4,0 de 5 estrelas","O aparelho chegou em √≥timo estado, veio at√© uma mascara que cobre meu rosto todo üò∑, mas tem um por√©m, o carregador veio como se fosse para uma tomada de 20A, tive que comprar um adaptador."
Celular Xiaomi Redmi 8A Vers√£o Global 32gb / 2gb Ram/Tela 6.22 - Azul,Pra quem √© ta bom,"4,0 de 5 estrelas","Adorei o design, muito elegante e moderno. F√°cil de configurar e utilizar. Por enquanto, √∫nico ruim dele √© que ele √© um pouco lento para alternar entre aplicativos e abrir algumas telas. Imagino que essa falta de processamento seja por conta dele ser o 8A, sendo assim do formato e tamanho do bolso do trabalhador."
Celular Xiaomi Redmi 8A Vers√£o Global 32gb / 2gb Ram/Tela 6.22 - Azul,Celular bom,"4,0 de 5 estrelas","Chegou bem r√°pido, √≥timo custo benef√≠cio"
Celular Xiaomi Redmi 8A Vers√£o Global 32gb / 2gb Ram/Tela 6.22 - Azul,"Pouca mem√≥ria ent√£o, use um cart√£o.","5,0 de 5 estrelas","At√© hoje funciona. Resetei 2 x, t√° novinho em folha. Xiaomi √© uma excelente marca. Aconselho quem comprar, adicionar um cart√£o de mem√≥ria."
Celular Xiaomi Redmi 8A Vers√£o Global 32gb / 2gb Ram/Tela 6.22 - Azul,Bateria otima,"5,0 de 5 estrelas",Bateria muito boa valeu a pena
Celular Xiaomi Redmi 8A Vers√£o Global 32gb / 2gb Ram/Tela 6.22 - Azul,Proced√™ncia do produto,"4,0 de 5 estrelas","Muito bom celular, poderia ter o menu na parte de baixo caso n√≥s quisesse voltar a uma aba anterior, ao inv√©s de ter que arrastar do lado esquerdo pro lado direito do celular. Tirando isso √© um √≥timo celular"
Celular Xiaomi Redmi 8A Vers√£o Global 32gb / 2gb Ram/Tela 6.22 - Azul,Bom celular,"4,0 de 5 estrelas","√â um celular que cumpre sua proposta de acordo com celulares da mesma categoria como um G6, tem um design bonito e √© super f√°cil de usar, mas a dura√ß√£o da bateria decepciona um pouco. Quanto a entrega parab√©ns ao vendedor pela rapidez chegou em menos de 24 hs."
Celular Xiaomi Redmi 8A Vers√£o Global 32gb / 2gb Ram/Tela 6.22 - Azul,N√£o surpreendeu minhas expectativas.,"3,0 de 5 estrelas","Comprei mais pela dura√ß√£o da bateria, pois teoricamente a desse dispositivo era 2000 a mais que meu antigo MOTO G6. Eu tinha no√ß√£o de que eu perderia qualidade em megapixels da c√¢mera para ter mais bateria, por√©m a bateria acaba muito r√°pido. E n√£o, eu n√£o uso muitos aplicativos. Tampouco jogo no celular. Eu n√£o gostei disso e de b√¥nus estou com pouca qualidade na c√¢mera. Se eu soubesse teria comprado outro. N√£o vem sequer com sensor digital. N√£o recomendo. Mas se voc√™ n√£o liga para nenhum desses pontos, talvez sirva."
Celular Xiaomi Redmi 8A Vers√£o Global 32gb / 2gb Ram/Tela 6.22 - Azul,Um belo smartphone,"5,0 de 5 estrelas","no pre√ßo que ele esta, obviamente n√£o podemos desejar tanto. Esse celular √© um celular de entrada, ele n√£o √© feito pra ficar jogando, ele √© pra usu√°rios b√°sicos, em outras palavras que usa so o essencial, e pelo pre√ßo que a xiaomi oferece, acaba conseguindo fazer com que seje um celular bem completo pro que ele foi desenvolvido"
Celular Xiaomi Redmi 8A Vers√£o Global 32gb / 2gb Ram/Tela 6.22 - Azul,√≥timo produto,"5,0 de 5 estrelas","Muito bom mesmo, valeu muita a pena ter comprado no inicio de 2020"
Celular Xiaomi Redmi 8A Vers√£o Global 32gb / 2gb Ram/Tela 6.22 - Azul,D√° pro gasto. Uso dia a dia simples,"5,0 de 5 estrelas","Estou com ele a quase um m√™s e vem atendendo minhas espectativas. A bateria t√° durando quase dois dias. Acho que poderia aumentar um pouco a qualidade das fotos. Mas como comprei pra fins de home office t√° me servindo bem. N√£o comprei esse modelo pra fins de tirar fotos, ent√£o t√° bom"
Celular Xiaomi Redmi 8A Vers√£o Global 32gb / 2gb Ram/Tela 6.22 - Azul,Os 32 Gb e os 2 Gb de Ram n√£o foram suficientes pra mim... para quem usa pouco √© um bom 1¬∞ celular,"4,0 de 5 estrelas","√ìtimo celular de entrada, bom custo benef√≠cio."
Celular Xiaomi Redmi 8A Vers√£o Global 32gb / 2gb Ram/Tela 6.22 - Azul,Custo benef√≠cio,"4,0 de 5 estrelas","√â um celular grande, simples, mas com √≥timo custo benef√≠cio."
Celular Xiaomi Redmi 8A Vers√£o Global 32gb / 2gb Ram/Tela 6.22 - Azul,Muito bom,"4,0 de 5 estrelas","Celular bem custo benef√≠cio, vale a pena. Chegou certinho e sem defeitos."
Celular Xiaomi Redmi 8A Vers√£o Global 32gb / 2gb Ram/Tela 6.22 - Azul,Chegou antes do prazo e tudo certinho,"4,0 de 5 estrelas","Nos primeiros dias a bateria durava mais, por√©m ela n√£o deixa a desejar. Depois de 4 meses apresentou alguns problemas."
Celular Xiaomi Redmi 8A Vers√£o Global 32gb / 2gb Ram/Tela 6.22 - Azul,"Boa bateria, tela, e processamento bom pra usu√°rio comum.","5,0 de 5 estrelas","Muito bom o aparelho, bateria dura dois dias com uso intermedi√°rio em redes sociais e whatsapp, em processamento faz tudo numa boa para um usu√°rio comum, c√¢meras s√£o b√°sicas, e sobre a tela ser somente HD n√£o vejo problema nenhum, irm√£ qualidade a tela HD al√©m de economizar bateria. Paguei 670, pra mim valeu muito"
Celular Xiaomi Redmi 8A Vers√£o Global 32gb / 2gb Ram/Tela 6.22 - Azul,Excelente produto e vendedor,"5,0 de 5 estrelas","Por enquanto estou amando meu Xiaomi Redmi 8A...chegou antes do prazo e em perfeitas condi√ß√µes. A respeito da bateria n√£o sei informar, mas pelas poucas horas de uso, est√° descarregando lentamente. O vendedor √© excelente e o produto tamb√©m...espero n√£o ter problemas, porque n√£o tenho boas lembran√ßas do meu √∫ltimo aparelho, de uma marca concorrente. Obrigada!"
Celular Xiaomi Redmi 8A Vers√£o Global 32gb / 2gb Ram/Tela 6.22 - Azul,Hummmm,"3,0 de 5 estrelas","Recebi √≥timas refer√™ncias sobre o produto, era o que eu procurava, um modelo mais simples e sem maiores exig√™ncias. Agora, fiquei muito decepcionada pois a bateria dura apenas um dia e eu s√≥ uso para ver not√≠cias e whatsapp, nada de v√≠deos, redes sociais. Acho muito pouco."
Celular Xiaomi Redmi 8A Vers√£o Global 32gb / 2gb Ram/Tela 6.22 - Azul,√ìtimo custo-benef√≠cio,"5,0 de 5 estrelas","√â um √≥timo celular, mesmo sendo bem b√°sico atende bem minha demanda. Ele √© muito lindinho. Achei que a bateria durasse mais, mesmo assim dura mais de 24 horas tranquilamente usando bastante durante o dia.O alto falante dele √© bem alto, o que eu gosto muito.Chegou antes do previsto e chegou bem embalado"
Celular Xiaomi Redmi 8A Vers√£o Global 32gb / 2gb Ram/Tela 6.22 - Azul,"A c√¢mera √© lenta, mas √© boa, basta ter paci√™ncia","4,0 de 5 estrelas","O Android modificado da Xiaomi √© meio dif√≠cil de se acostumar, mas nada de outro mundo. √â um celular razo√°vel e de pre√ßo acess√≠vel"
Celular Xiaomi Redmi 8A Vers√£o Global 32gb / 2gb Ram/Tela 6.22 - Azul,N√£o vem com o carregador adapt√°vel as tomadas do Brasil,"5,0 de 5 estrelas","Gostei muito do meu aparelho Redimi, muito bom recebi hoje ,do mesmo jeito mostrado na foto.S√≥ n√£o gostei do carregado ,ele n√£o adapta na tomada ,por√©m que s√≥ serve o cabo USB.Que isso n√£o aconte√ßa mais cm ningu√©m que comprar.Chegou bem antes da data prevista ,Parab√©ns ao vendedor."
Celular Xiaomi Redmi 8A Vers√£o Global 32gb / 2gb Ram/Tela 6.22 - Azul,"Aparelho incrivel, lindo mas veio carregador que n√£o √© padr√£o BR","5,0 de 5 estrelas","O aparelho √© lindo, qualidade extrema por um pre√ßo bom, a unica coisa √© que veio um padr√£o de carregador que nunca havia visto em toda minha vida, agora terei que comprar um a parte, somente esse problema mesmo de resto o aparelho se supera em qualidade."
Celular Xiaomi Redmi 8A Vers√£o Global 32gb / 2gb Ram/Tela 6.22 - Azul,Perfeito para quem quer uma bateria duradoura,"4,0 de 5 estrelas","√ìtimo celular, bateria excelente mais de 7 horas utilizando s√≥ gastou 40%, por ser um celular focado mais na bateria ele entrega um excelente desempenho geral."
Celular Xiaomi Redmi 8A Vers√£o Global 32gb / 2gb Ram/Tela 6.22 - Azul,60% Grilada..,"5,0 de 5 estrelas","O produto n√£o demorou a chegar, ele √© um bom produto se levar em considera√ß√£o o valor dele. Chegou em perfeito estado. √önico problema que me deixou pistola √© que o carregador (caixinha) veio o modelo europeu ... Bolada com essa, mas no geral o celular √© muito lindo."
Celular Xiaomi Redmi 8A Vers√£o Global 32gb / 2gb Ram/Tela 6.22 - Azul,CHEGOU 100%,"5,0 de 5 estrelas","Envio feito no mesmo dia da compra, por√©m correios atrasou na entrega.Mas est√£o de parab√©ns, chegou tudo ok."
Celular Xiaomi Redmi 8A Vers√£o Global 32gb / 2gb Ram/Tela 6.22 - Azul,Recomendo,"5,0 de 5 estrelas","Comprei com o vendedor da Rafcell e o celular chegou r√°pido, veio com todos os componentes, muito bem embalado e ainda veio com uma pel√≠cula de brinde. Quando precisei falar com o vendedor por email a resposta tamb√©m foi rapida, esclarecendo as minhas d√∫vidas. Simplesmente adorei a recomendo √† todos."
Celular Xiaomi Redmi 8A Vers√£o Global 32gb / 2gb Ram/Tela 6.22 - Azul,celular,"4,0 de 5 estrelas",Bom produto
Celular Xiaomi Redmi 8A Vers√£o Global 32gb / 2gb Ram/Tela 6.22 - Azul,Muito bom.,"4,0 de 5 estrelas","Muito bom. Gostei bastante do celular, as vezes ele √© um pouco lento p/processar, mas nada demais. Super indico. Amei meu aparelho novo."
Celular Xiaomi Redmi 8A Vers√£o Global 32gb / 2gb Ram/Tela 6.22 - Azul,Erro no pagamento. Em duplicidade!,"5,0 de 5 estrelas",Tive um problema de pagamento at√© agora n√£o solucionado. Houve pagamento duplicado em dois cart√µes diferentes. E ainda n√£o tive a restitui√ß√£o do valor. Um pagamento foi feito no cart√£o digitado outro no cart√£o cadastrado no App. Preciso da restitui√ß√£o urgente.
Celular Xiaomi Redmi 8A Vers√£o Global 32gb / 2gb Ram/Tela 6.22 - Azul,bom,"4,0 de 5 estrelas",o celular e bom mais deus umas 2 travadas que tive que reiniciar vou esperar mais um pouco se continuar mando pra autorizada
Celular Xiaomi Redmi 8A Vers√£o Global 32gb / 2gb Ram/Tela 6.22 - Azul,Meu filho aprovou,"4,0 de 5 estrelas","Custo benef√≠cio excelente, por√©m tenho uma sujest√£o deveria vir com uma capa de prote√ß√£o,pois n√£o encontrei em nenhum loja de acess√≥rios pra celular..."
Celular Xiaomi Redmi 8A Vers√£o Global 32gb / 2gb Ram/Tela 6.22 - Azul,Otimo produto design lindo custo ben√©fico SEM IGUAL,"5,0 de 5 estrelas","Produto √≥timo com um acabamento lindo o hardware apesar de ser baixo funciona PERFEITAMENTE para jogos sem travamento custo ben√©fico SEM IGUAL E entrega chegou extremamente r√°pido, ali√°s todos os produtos que comprei na Amazon chegaram r√°pidos demais. Aprovo o produto e o servi√ßo oferecido pelo site."
Celular Xiaomi Redmi 8A Vers√£o Global 32gb / 2gb Ram/Tela 6.22 - Azul,Ele √© bastante pesado. Desconfort√°vel para usar com bermuda.,"5,0 de 5 estrelas","Celular muito bom. Eu n√£o uso para jogos, ent√£o pra mim est√° perfeito. Procurem descontos pois j√° √© um aparelho ultrapassado para jogos pesados. Mas consigo usar para todos os meus apps. Chegou bem r√°pido."
Celular Xiaomi Redmi 8A Vers√£o Global 32gb / 2gb Ram/Tela 6.22 - Azul,Bom celular,"4,0 de 5 estrelas","O celular √© √≥timo, o problema foi o longo tempo de espera na entrega do produto."
Celular Xiaomi Redmi 8A Vers√£o Global 32gb / 2gb Ram/Tela 6.22 - Azul,Vendedor atencioso e celular maravilhoso!,"5,0 de 5 estrelas",Comprei para a minha m√£e e a entrega foi muuuito r√°pida! Veio muito bem embalado e ainda o vendedor mandou uns presentes. Com certeza voltarei a comprar com o vendedor!!!! O celular √© muito bonito! Ela amou!
Celular Xiaomi Redmi 8A Vers√£o Global 32gb / 2gb Ram/Tela 6.22 - Azul,Bateria,"5,0 de 5 estrelas","Foi al√©m das minha expectativas, nunca tive um celular com uma bateria que durasse tanto foi o que mais me atraio na compra desse produto."
Celular Xiaomi Redmi 8A Vers√£o Global 32gb / 2gb Ram/Tela 6.22 - Azul,Bonzinho pelo pre√ßo,"3,0 de 5 estrelas","Celular bonzinho pelo pre√ßo, deveria vim mais de mem√≥ria"
Celular Xiaomi Redmi 8A Vers√£o Global 32gb / 2gb Ram/Tela 6.22 - Azul,Produto bom,"4,0 de 5 estrelas",Produto bom
Celular Xiaomi Redmi 8A Vers√£o Global 32gb / 2gb Ram/Tela 6.22 - Azul,"Compre uma capinha junto, ele √© muito escorregadio","5,0 de 5 estrelas","Performance do aparelho 100% do que eu esperava. N√£o sou hard user, ent√£o me atende super bem.S√≥ √© essencial uma capinha porque a traseira √© muito escorregadia e pode cair f√°cil da m√£o e do bolso."
Celular Xiaomi Redmi 8A Vers√£o Global 32gb / 2gb Ram/Tela 6.22 - Azul,"√ìtimo aparelho, pre√ßo muito bom.","4,0 de 5 estrelas","Gostei do aparelho, s√≥ e um pouco dif√≠cil de mexer"
Celular Xiaomi Redmi 8A Vers√£o Global 32gb / 2gb Ram/Tela 6.22 - Azul,√ìtima compra,"5,0 de 5 estrelas","O celular te um √≥timo desempenho para coisas b√°sicas do dia-a-dia, √≥tima rela√ß√£o custo/benef√≠cio, bateria com uma durabilidade muito boa. E foi entregue antes do tempo estipulado."
Celular Xiaomi Redmi 8A Vers√£o Global 32gb / 2gb Ram/Tela 6.22 - Azul,Confi√°vel.,"5,0 de 5 estrelas","Aparelho muito bom at√© agora, atendeu minhas espectativas. O √∫nico problema √© o carregador que vem com conector padr√£o asi√°tico, sugiro que seja informado na descri√ß√£o do an√∫ncio este detalhe para que os pr√≥ximos compradores achem uma solu√ß√£o mais r√°pida."
Celular Xiaomi Redmi 8A Vers√£o Global 32gb / 2gb Ram/Tela 6.22 - Azul,√ìtimo custo benef√≠cio,"5,0 de 5 estrelas","Atendeu bem a demanda di√°ria, bateria boa, custo benef√≠cio bom!"
Celular Xiaomi Redmi 8A Vers√£o Global 32gb / 2gb Ram/Tela 6.22 - Azul,durabilidade da bateria,"5,0 de 5 estrelas","Gostei do celular, √© √≥timo para o que eu preciso, perfeito, √≥timo custo beneficio. Gostei tanto que vou comprar outro, chegou bem empacotado, embalagem bem acondicionada, veio exatamente o que dizia o an√∫ncio, sem nada a reclamar."
Celular Xiaomi Redmi 8A Vers√£o Global 32gb / 2gb Ram/Tela 6.22 - Azul,√ìtimo custo benef√≠cio.,"5,0 de 5 estrelas","Produto muito bom. Desempenho de acordo com  o esperado, afinal n√£o √© um top de linha. √ìtimo custo benef√≠cio.O destaque fica para a bateria. A durabilidade √© absurda, d√° para ficar dois dias sem carregar. Sensacional!"
Celular Xiaomi Redmi 8A Vers√£o Global 32gb / 2gb Ram/Tela 6.22 - Azul,√ìtimo,"5,0 de 5 estrelas","Comprei para minha filha, tem que colocar pel√≠cula de vidro que √© mais cara, mas vale a pena. Ele est√° durando, ela sempre estraga os celulares r√°pido. Esse √© √≥timo."
Celular Xiaomi Redmi 8A Vers√£o Global 32gb / 2gb Ram/Tela 6.22 - Azul,custo beneficio,"5,0 de 5 estrelas",custo beneficio e trabalho muito bom para o pre√ßo n√£o √© um top de linha da marca mais fiquei muito satisfeito pois √© meu telefone de trabalho
Celular Xiaomi Redmi 8A Vers√£o Global 32gb / 2gb Ram/Tela 6.22 - Azul,Bateria muito boa,"4,0 de 5 estrelas",Celular bom. Bateria com durabilidade muito boa. Leva dois dias sem carregar
Celular Xiaomi Redmi 8A Vers√£o Global 32gb / 2gb Ram/Tela 6.22 - Azul,√≥timo custo beneficio,"4,0 de 5 estrelas","at√© agora, atendenedo as expectativas"
Celular Xiaomi Redmi 8A Vers√£o Global 32gb / 2gb Ram/Tela 6.22 - Azul,Um √≥timo intermedi√°rio,"5,0 de 5 estrelas","Realmente, merece nota m√°xima. Dentro de sua proposta, √© uma √≥tima aquisi√ß√£o. Bateria incr√≠vel, boa c√¢mera, gostei bastante do som dele tamb√©m, boa capacidade. Os intermedi√°rios da Xiaomi tem √†quele toques dos tops de linha."
Celular Xiaomi Redmi 8A Vers√£o Global 32gb / 2gb Ram/Tela 6.22 - Azul,√ìtimo produto,"5,0 de 5 estrelas","A marca da xiaomi em si √© otima pelo menos para mim que adoro os produtos, aparelho lindo de otima qualidade, bateria dura dois dias ou ate 3 dependendo do modo de uso, entrega rapida."
Celular Xiaomi Redmi 8A Vers√£o Global 32gb / 2gb Ram/Tela 6.22 - Azul,Satisfa√ß√£o.,"4,0 de 5 estrelas",Bom produto.
Celular Xiaomi Redmi 8A Vers√£o Global 32gb / 2gb Ram/Tela 6.22 - Azul,√ìtimo custo benef√≠cio,"4,0 de 5 estrelas",√â um celular b√°sico mas surpreendeu pelo bom desempenho. A bateria √© √≥tima.
Celular Xiaomi Redmi 8A Vers√£o Global 32gb / 2gb Ram/Tela 6.22 - Azul,Ok,"5,0 de 5 estrelas","Dei de presente, meu neto gostou, tela grande, bateria dura dia todo mesmo com jogos e v√≠deos. Tudo ok."
Celular Xiaomi Redmi 8A Vers√£o Global 32gb / 2gb Ram/Tela 6.22 - Azul,"Cor errada, mas e bom","5,0 de 5 estrelas","Veio na cor errada, mas o produto e de qualidade"
Celular Xiaomi Redmi 8A Vers√£o Global 32gb / 2gb Ram/Tela 6.22 - Azul,√ìTIMO APARELHO,"5,0 de 5 estrelas","Relutei muito em comprar o celular, mas depois de ouvir v√°rias opini√µes positivas comprei. Estou amando o celular, a bateria tem uma durabilidade muito boa. Recomendo com certeza."
Celular Xiaomi Redmi 8A Vers√£o Global 32gb / 2gb Ram/Tela 6.22 - Azul,Aparelho √© bom. C√¢mera boa. Custo benef√≠cio vale a pena.,"4,0 de 5 estrelas","O aparelho aquece um pouco ao carregar... √â normal?No mais, √© um aparelho."
Celular Xiaomi Redmi 8A Vers√£o Global 32gb / 2gb Ram/Tela 6.22 - Azul,Qualidade,"4,0 de 5 estrelas",Um bom produto
Celular Xiaomi Redmi 8A Vers√£o Global 32gb / 2gb Ram/Tela 6.22 - Azul,Xiaomi Redmi8A,"4,0 de 5 estrelas",Gostei muito do produto at√© o momento
Celular Xiaomi Redmi 8A Vers√£o Global 32gb / 2gb Ram/Tela 6.22 - Azul,"N√£o √© top, mas √© bom","4,0 de 5 estrelas","N√£o √© um top de linha, mas atende muito bem as minha necessidades."
Celular Xiaomi Redmi 8A Vers√£o Global 32gb / 2gb Ram/Tela 6.22 - Azul,Aparelho excelente. √ìtimo custo benef√≠cio,"5,0 de 5 estrelas","Telefone √≥timo.  Bateria dura mto. Aparelho lindo, com bom pre√ßo √© desempenho.  C√¢mera perfeita.Melhor que muitos aparelhos de outras fabricantes e na mesma linha de pre√ßo."
Celular Xiaomi Redmi 8A Vers√£o Global 32gb / 2gb Ram/Tela 6.22 - Azul,Xiaomi,"4,0 de 5 estrelas",Ainda n√£o tenho uma opini√£o
Celular Xiaomi Redmi 8A Vers√£o Global 32gb / 2gb Ram/Tela 6.22 - Azul,Custo-benef√≠cio,"5,0 de 5 estrelas","Para mim, nenhum celular dessas marcas mais conhecidas oferece o que esse aparelho oferece por um pre√ßo bemmm mais baixo. Xiaomi veio pra ficar e √© melhor que praticamente todas essas outras empresas."
Celular Xiaomi Redmi 8A Vers√£o Global 32gb / 2gb Ram/Tela 6.22 - Azul,"N√£o atendeu as minhas expectativas, mesmo sendo um cel de entrada","2,0 de 5 estrelas","A entrega da Amazon √© excelente, n√£o tenho nem o que falar. J√° quanto ao t√£o aclamado Xiaomi, n√£o gostei nada do sistema operacional dele, acho o layout BASTANTE polu√≠do, com uma s√©rie de apps integrados e que n√£o permitem desinstalar. D√° umas travadas ""mutcho lokas"" do nada. Algumas vezes tive de desligar o celular pq ele deu uma tela preta do nada. Agora, se vc gosta da marca e do sistema deles, deve te agradar, a mim, que venho de um motorola da linha G, n√£o agradou nada. Tanto que retornei ao motorola e uso o xiaomi como acess√≥rio apenas.  Apesar de tudo ele tem um design bem bonito, o azul me agradou bastante."
Celular Xiaomi Redmi 8A Vers√£o Global 32gb / 2gb Ram/Tela 6.22 - Azul,Custo x benef√≠cio,"4,0 de 5 estrelas",Meu filho gostou muito.
Celular Xiaomi Redmi 8A Vers√£o Global 32gb / 2gb Ram/Tela 6.22 - Azul,Atende as expectativas,"4,0 de 5 estrelas",Aparelho muito bom
Celular Xiaomi Redmi 8A Vers√£o Global 32gb / 2gb Ram/Tela 6.22 - Azul,Celular,"4,0 de 5 estrelas",Otimo
Celular Xiaomi Redmi 8A Vers√£o Global 32gb / 2gb Ram/Tela 6.22 - Azul,Celular para uso infanto-juvenil.,"4,0 de 5 estrelas",Bastante adequado para o uso a que se destina.
Celular Xiaomi Redmi 8A Vers√£o Global 32gb / 2gb Ram/Tela 6.22 - Azul,Celular muito bom,"5,0 de 5 estrelas",Vendedor muito atencioso.Comprei para presentear minha m√£e.Ela amou
Celular Xiaomi Redmi 8A Vers√£o Global 32gb / 2gb Ram/Tela 6.22 - Azul,Tava com medo mas foi uma boa compra,"5,0 de 5 estrelas","N√£o sentia tanta confian√ßa mas quando chegou vi que era original, novo e funcionava sem problema algum!"
Celular Xiaomi Redmi 8A Vers√£o Global 32gb / 2gb Ram/Tela 6.22 - Azul,Produto muito bom 100% novo e original,"5,0 de 5 estrelas",O Produto √© muito bom 100% novo e original lacrado recomendo a todos o vendedor e o produto Xiaomi nao tem o que reclamar vou comprar mais desse vendedor
Celular Xiaomi Redmi 8A Vers√£o Global 32gb / 2gb Ram/Tela 6.22 - Azul,Adorei o celular,"5,0 de 5 estrelas","O celular superou minhas expectativas. a Bateria dura bastante, e a c√¢mera √© excelente, tem aquele efeito de desfoque do fundo da imagem que tanto gosto e as imagens possuem muita defini√ß√£o."
Celular Xiaomi Redmi 8A Vers√£o Global 32gb / 2gb Ram/Tela 6.22 - Azul,7uyu,"4,0 de 5 estrelas","Celular √≥timo, mas veio com o carregador padr√£o chin√™s."
Celular Xiaomi Redmi 8A Vers√£o Global 32gb / 2gb Ram/Tela 6.22 - Azul,Custo benef√≠cio,"4,0 de 5 estrelas",Aparelho bom dentro de sua proposta
Celular Xiaomi Redmi 8A Vers√£o Global 32gb / 2gb Ram/Tela 6.22 - Azul,Tela enorme. Gostei.,"4,0 de 5 estrelas","Estou satisfeito, bom produto por um √≥timo pre√ßo."
Celular Xiaomi Redmi 8A Vers√£o Global 32gb / 2gb Ram/Tela 6.22 - Azul,Lindoo D+,"5,0 de 5 estrelas","Ameiiiii ‚ô•Ô∏èSuper recomendo, chegou bem r√°pido, lacrado...O celular √© maravilhoso, vale a pena comprar üòéüëèüèª"
Celular Xiaomi Redmi 8A Vers√£o Global 32gb / 2gb Ram/Tela 6.22 - Azul,Excelente custo benef√≠cio,"5,0 de 5 estrelas",Este s artphone √© t√£o superior quantos os da Apple. A bateria √© algo a se destacar. O produto demorou um pouco para chegar ao destino. Deve ter sido minha ansiedade.
Celular Xiaomi Redmi 8A Vers√£o Global 32gb / 2gb Ram/Tela 6.22 - Azul,produto de muito boa qualidade,"5,0 de 5 estrelas","visual impec√°vel, durabilidade da bateria e f√°cil de manusear"
Celular Xiaomi Redmi 8A Vers√£o Global 32gb / 2gb Ram/Tela 6.22 - Azul,Mi √© mi e pronto....,"4,0 de 5 estrelas",Comprei pra minha filha....de 12 anos ....ela t√° gostando muito....
Celular Xiaomi Redmi 8A Vers√£o Global 32gb / 2gb Ram/Tela 6.22 - Azul,Est√° atento todas as informa√ß√µes sobre o produto o qual est√° comprando!,"4,0 de 5 estrelas",Celular √≥timo!
Celular Xiaomi Redmi 8A Vers√£o Global 32gb / 2gb Ram/Tela 6.22 - Azul,Bom custo X benef√≠cio para baixo investimento,"5,0 de 5 estrelas","Acho um celular imbat√≠vel para os smartphones de entrada de baixo valor, excelente bateria, processador razo√°vel, boa op√ß√£o para quem quer investir pouco e n√£o precisa gastar tanto."
Celular Xiaomi Redmi 8A Vers√£o Global 32gb / 2gb Ram/Tela 6.22 - Azul,Super recomendo. Bateria maravilhosa. Muito satisfeita.,"4,0 de 5 estrelas",Entrega super r√°pida. Exelente produto.
